[
    {
        "id": 0,
        "name": "Pizza",
        "price-piece": 4,
        "quantity": 8,
        "category": "food"
    },
    {
        "id": 1,
        "name": "Burger",
        "price-piece": 5,
        "quantity": 20,
        "category": "food"
    },
    {
        "id": 2,
        "name": "Laptop",
        "price-piece": 800,
        "quantity": 5,
        "category": "electronics"
    },
    {
        "id": 3,
        "name": "Headphones",
        "price-piece": 50,
        "quantity": 0,
        "category": "electronics"
    },
    {
        "id": 4,
        "name": "T-Shirt",
        "price-piece": 15,
        "quantity": 30,
        "category": "clothing"
    },
    {
        "id": 5,
        "name": "Jeans",
        "price-piece": 40,
        "quantity": 25,
        "category": "clothing"
    }
]
